<?xml version="1.0" encoding="UTF-8"?>
<metadata modelVersion="1.1.0">
  <groupId>com.doctusoft.toolbox</groupId>
  <artifactId>java-toolbox</artifactId>
  <version>0.1-SNAPSHOT</version>
  <versioning>
    <snapshot>
      <timestamp>20160725.211235</timestamp>
      <buildNumber>4</buildNumber>
    </snapshot>
    <lastUpdated>20160725211235</lastUpdated>
    <snapshotVersions>
      <snapshotVersion>
        <extension>jar</extension>
        <value>0.1-20160725.211235-4</value>
        <updated>20160725211235</updated>
      </snapshotVersion>
      <snapshotVersion>
        <extension>pom</extension>
        <value>0.1-20160725.211235-4</value>
        <updated>20160725211235</updated>
      </snapshotVersion>
      <snapshotVersion>
        <classifier>sources</classifier>
        <extension>jar</extension>
        <value>0.1-20160725.211235-4</value>
        <updated>20160725211235</updated>
      </snapshotVersion>
      <snapshotVersion>
        <classifier>test-sources</classifier>
        <extension>jar</extension>
        <value>0.1-20160725.211235-4</value>
        <updated>20160725211235</updated>
      </snapshotVersion>
    </snapshotVersions>
  </versioning>
</metadata>
